applicant_id,group,income,credit_score,years_employed,debt_to_income,nontraditional_gig,historical_approval
APP-1000,Group A,78554.02,643.0,8.1,0.329,0,1
APP-1001,Group B,75152.84,,,0.423,1,1
APP-1002,Group B,59733.13,653.0,4.7,0.232,1,1
APP-1003,Group A,83932.79,699.0,10.4,0.274,0,1
APP-1004,Group A,93765.68,684.0,7.3,0.243,0,1
APP-1005,Group A,54150.3,774.0,6.2,0.291,0,1
APP-1006,Group A,103939.56,720.0,10.1,0.161,1,1
APP-1007,Group B,27709.66,678.0,5.8,0.365,1,1
APP-1008,Group B,42688.81,,,0.324,1,1
APP-1009,Group B,21727.23,526.0,1.8,0.439,0,1
APP-1010,Group A,48110.99,664.0,4.0,0.219,0,1
APP-1011,Group B,18000.0,,1.3,0.428,1,1
APP-1012,Group B,69717.8,626.0,3.9,0.427,1,1
APP-1013,Group A,98342.06,791.0,2.3,0.286,0,1
APP-1014,Group A,62537.19,682.0,5.1,0.375,0,1
APP-1015,Group A,67532.01,651.0,9.4,0.364,0,1
APP-1016,Group A,63955.54,742.0,7.6,0.159,0,1
APP-1017,Group A,58197.8,718.0,5.9,0.327,0,1
APP-1018,Group A,80717.31,727.0,9.0,0.441,0,1
APP-1019,Group A,40029.06,647.0,9.7,0.204,0,1
APP-1020,Group B,42683.0,655.0,4.0,0.479,1,1
APP-1021,Group A,99112.56,727.0,11.0,0.189,0,1
APP-1022,Group A,86678.56,692.0,8.8,0.369,1,1
APP-1023,Group A,83112.35,746.0,8.5,0.349,0,1
APP-1024,Group A,102643.18,742.0,6.5,0.292,0,1
APP-1025,Group B,39588.27,672.0,5.0,0.4,1,1
APP-1026,Group A,78821.98,712.0,2.9,0.34,0,1
APP-1027,Group A,104902.67,721.0,7.8,0.248,0,1
APP-1028,Group A,73094.09,724.0,8.8,0.295,0,1
APP-1029,Group A,78510.92,730.0,6.4,0.248,0,1
APP-1030,Group B,54393.45,,7.0,0.208,0,1
APP-1031,Group A,82342.05,684.0,6.6,0.117,0,1
APP-1032,Group A,63896.01,804.0,2.7,0.104,0,1
APP-1033,Group B,63675.45,704.0,6.8,0.491,0,1
APP-1034,Group B,63703.62,634.0,8.6,0.253,0,1
APP-1035,Group B,68161.99,627.0,,0.293,0,1
APP-1036,Group A,49969.21,782.0,6.8,0.369,1,1
APP-1037,Group A,80393.39,698.0,9.1,0.338,0,1
APP-1038,Group B,63569.01,726.0,4.5,0.431,1,1
APP-1039,Group A,54385.65,708.0,8.1,0.219,0,1
APP-1040,Group A,74196.84,638.0,7.4,0.226,0,1
APP-1041,Group A,62307.9,760.0,6.2,0.278,0,1
APP-1042,Group A,65953.87,589.0,2.2,0.341,0,1
APP-1043,Group B,58698.37,671.0,3.9,0.303,0,1
APP-1044,Group A,74927.95,652.0,11.5,0.35,0,1
APP-1045,Group B,36226.26,,,0.351,0,0
APP-1046,Group A,54967.6,696.0,12.4,0.331,0,1
APP-1047,Group A,65130.74,688.0,7.8,0.216,0,1
APP-1048,Group A,76192.61,678.0,9.1,0.311,0,1
APP-1049,Group A,63410.73,764.0,7.3,0.356,0,1
APP-1050,Group B,89354.7,,8.3,0.38,0,1
APP-1051,Group B,33431.63,606.0,,0.473,1,1
APP-1052,Group B,83095.78,,4.1,0.372,0,1
APP-1053,Group B,42959.4,654.0,6.7,0.349,1,1
APP-1054,Group A,65336.27,789.0,3.3,0.163,1,1
APP-1055,Group B,23887.48,770.0,,0.538,1,1
APP-1056,Group A,71547.45,754.0,9.0,0.154,1,1
APP-1057,Group A,85657.2,647.0,11.1,0.342,0,1
APP-1058,Group A,84880.6,723.0,5.3,0.226,1,1
APP-1059,Group A,81476.0,695.0,2.0,0.276,1,1
APP-1060,Group A,90433.97,568.0,10.4,0.141,0,1
APP-1061,Group A,82485.6,706.0,9.4,0.18,0,1
APP-1062,Group B,43581.38,663.0,3.9,0.408,0,1
APP-1063,Group A,33096.85,723.0,6.2,0.379,0,1
APP-1064,Group A,105015.2,753.0,6.0,0.252,0,1
APP-1065,Group A,91941.58,771.0,10.6,0.273,0,1
APP-1066,Group A,95605.67,722.0,6.2,0.264,0,1
APP-1067,Group B,52870.93,,3.7,0.257,1,1
APP-1068,Group A,76572.7,610.0,9.7,0.308,0,1
APP-1069,Group B,18000.0,831.0,1.8,0.4,0,1
APP-1070,Group B,71947.29,572.0,5.5,0.255,1,1
APP-1071,Group A,80531.38,677.0,10.2,0.267,0,1
APP-1072,Group A,92401.35,735.0,7.5,0.309,0,1
APP-1073,Group B,69333.38,,2.9,0.367,1,1
APP-1074,Group B,71899.47,717.0,,0.246,0,1
APP-1075,Group B,38110.69,659.0,,0.335,1,1
APP-1076,Group B,81046.8,669.0,3.4,0.456,0,1
APP-1077,Group A,95938.4,738.0,9.2,0.331,0,1
APP-1078,Group A,71998.89,716.0,6.5,0.281,0,1
APP-1079,Group A,49439.55,628.0,4.3,0.404,0,1
APP-1080,Group B,40498.69,554.0,,0.461,1,1
APP-1081,Group B,18000.0,,,0.473,1,1
APP-1082,Group A,47208.55,628.0,10.1,0.475,0,0
APP-1083,Group A,88599.46,739.0,6.2,0.311,1,1
APP-1084,Group A,59920.71,696.0,1.9,0.272,0,1
APP-1085,Group A,94418.01,679.0,1.3,0.312,0,1
APP-1086,Group B,34186.69,,1.5,0.338,0,1
APP-1087,Group B,34554.41,676.0,8.6,0.382,0,1
APP-1088,Group B,23326.11,,4.0,0.415,1,1
APP-1089,Group A,63420.73,713.0,8.4,0.291,0,1
APP-1090,Group A,75977.2,712.0,4.9,0.227,0,1
APP-1091,Group B,72689.56,620.0,3.3,0.435,0,1
APP-1092,Group B,39068.67,698.0,3.3,0.485,1,1
APP-1093,Group A,79789.55,671.0,13.7,0.181,0,1
APP-1094,Group B,63407.98,667.0,,0.347,0,1
APP-1095,Group A,99491.69,791.0,2.4,0.301,0,1
APP-1096,Group A,73234.36,839.0,4.6,0.411,0,1
APP-1097,Group A,94527.68,765.0,7.9,0.237,0,1
APP-1098,Group A,67417.45,700.0,5.3,0.199,0,1
APP-1099,Group A,63268.72,700.0,4.7,0.283,0,1
APP-1100,Group A,79675.72,632.0,8.0,0.347,0,1
APP-1101,Group B,30893.14,560.0,5.7,0.555,1,0
APP-1102,Group A,60899.76,707.0,8.7,0.286,0,1
APP-1103,Group A,55186.15,741.0,4.3,0.287,0,1
APP-1104,Group B,38760.46,720.0,,0.421,1,1
APP-1105,Group A,64321.82,640.0,7.2,0.342,0,1
APP-1106,Group A,121386.59,730.0,7.6,0.255,0,1
APP-1107,Group B,61067.25,,1.3,0.271,0,1
APP-1108,Group A,38275.89,735.0,3.7,0.108,0,1
APP-1109,Group A,91726.47,712.0,7.8,0.28,1,1
APP-1110,Group A,76636.59,705.0,9.8,0.257,1,1
APP-1111,Group A,86368.82,740.0,5.5,0.261,0,1
APP-1112,Group B,61657.18,582.0,4.1,0.359,1,1
APP-1113,Group B,47947.36,653.0,10.2,0.33,1,1
APP-1114,Group B,52186.35,,1.3,0.329,0,1
APP-1115,Group B,61139.64,644.0,0.0,0.295,1,1
APP-1116,Group B,35091.96,631.0,,0.42,1,1
APP-1117,Group A,55669.66,731.0,4.9,0.275,1,1
APP-1118,Group B,54676.01,,2.5,0.33,1,1
APP-1119,Group A,75313.73,674.0,2.4,0.353,0,1
APP-1120,Group B,18000.0,,0.6,0.338,0,1
APP-1121,Group B,73740.57,619.0,6.2,0.436,0,1
APP-1122,Group A,63469.79,580.0,5.4,0.311,0,1
APP-1123,Group A,55117.88,708.0,1.1,0.445,0,1
APP-1124,Group A,74453.91,663.0,5.7,0.209,0,1
APP-1125,Group A,28946.06,688.0,4.4,0.098,0,1
APP-1126,Group B,39956.69,708.0,2.5,0.543,0,1
APP-1127,Group B,50409.83,700.0,7.5,0.481,1,1
APP-1128,Group A,101034.83,788.0,7.1,0.22,0,1
APP-1129,Group A,76772.93,796.0,6.3,0.287,0,1
APP-1130,Group A,67693.57,719.0,3.0,0.202,0,1
APP-1131,Group A,88605.31,768.0,5.6,0.245,0,1
APP-1132,Group A,98714.08,746.0,10.0,0.219,0,1
APP-1133,Group A,49948.22,685.0,7.8,0.206,0,1
APP-1134,Group B,60205.98,781.0,2.4,0.453,1,1
APP-1135,Group A,104112.37,800.0,9.2,0.327,0,1
APP-1136,Group A,67700.95,668.0,3.9,0.123,0,1
APP-1137,Group B,62429.97,650.0,2.8,0.327,0,1
APP-1138,Group A,81148.13,751.0,9.6,0.233,1,1
APP-1139,Group B,67076.13,587.0,7.0,0.346,1,1
APP-1140,Group B,63931.86,716.0,4.5,0.23,1,1
APP-1141,Group A,73112.56,706.0,9.4,0.326,0,1
APP-1142,Group A,99765.66,711.0,7.9,0.416,0,1
APP-1143,Group A,37016.47,714.0,12.4,0.33,1,1
APP-1144,Group A,100795.06,744.0,6.6,0.182,0,1
APP-1145,Group A,91569.09,664.0,10.9,0.246,0,1
APP-1146,Group B,82058.28,666.0,1.0,0.404,0,1
APP-1147,Group A,80559.66,783.0,2.7,0.191,0,1
APP-1148,Group A,89447.63,691.0,12.2,0.248,1,1
APP-1149,Group A,41023.02,783.0,12.0,0.22,0,1
APP-1150,Group B,24538.19,,,0.616,1,0
APP-1151,Group A,77528.98,676.0,12.6,0.431,0,1
APP-1152,Group A,95481.25,740.0,9.3,0.236,0,1
APP-1153,Group A,97318.04,678.0,9.8,0.335,0,1
APP-1154,Group B,31449.6,,2.2,0.173,0,1
APP-1155,Group A,84601.19,642.0,7.6,0.326,0,1
APP-1156,Group B,73978.61,,3.4,0.264,1,1
APP-1157,Group B,73575.54,514.0,0.9,0.395,0,1
APP-1158,Group A,77817.72,622.0,8.0,0.268,0,1
APP-1159,Group B,70593.35,627.0,,0.4,1,1
APP-1160,Group A,51601.66,566.0,6.9,0.422,0,1
APP-1161,Group B,68203.19,691.0,4.9,0.25,0,1
APP-1162,Group B,65789.45,720.0,3.7,0.34,0,1
APP-1163,Group A,82100.45,699.0,4.5,0.206,0,1
APP-1164,Group A,104853.77,696.0,6.9,0.22,0,1
APP-1165,Group B,53829.6,566.0,,0.257,1,1
APP-1166,Group A,76339.81,736.0,2.3,0.238,0,1
APP-1167,Group A,52792.01,738.0,3.0,0.473,1,1
APP-1168,Group A,42697.36,768.0,4.8,0.215,1,1
APP-1169,Group A,95350.02,843.0,6.1,0.292,0,1
APP-1170,Group B,37103.38,,1.3,0.068,0,1
APP-1171,Group A,66032.4,811.0,12.3,0.197,0,1
APP-1172,Group A,75415.87,674.0,6.5,0.39,0,1
APP-1173,Group A,62430.3,740.0,4.9,0.239,0,1
APP-1174,Group B,54208.07,746.0,,0.335,1,1
APP-1175,Group A,67790.53,736.0,8.0,0.277,0,1
APP-1176,Group B,67895.98,635.0,3.5,0.679,0,1
APP-1177,Group A,95767.78,735.0,10.9,0.235,1,1
APP-1178,Group B,54038.87,,6.3,0.293,1,1
APP-1179,Group A,98762.91,737.0,9.3,0.265,0,1
APP-1180,Group A,84694.66,668.0,5.1,0.362,1,1
APP-1181,Group A,69689.06,734.0,5.4,0.239,1,1
APP-1182,Group B,34807.79,668.0,,0.253,0,1
APP-1183,Group B,55447.38,656.0,5.3,0.361,0,1
APP-1184,Group A,53752.13,731.0,6.4,0.359,0,1
APP-1185,Group B,52589.04,623.0,,0.382,1,1
APP-1186,Group B,55498.92,617.0,4.8,0.33,1,1
APP-1187,Group A,111157.52,728.0,6.1,0.124,0,1
APP-1188,Group A,32562.9,680.0,10.9,0.278,0,1
APP-1189,Group A,85916.34,668.0,5.3,0.247,0,1
APP-1190,Group A,107307.51,694.0,10.7,0.402,0,1
APP-1191,Group B,50145.58,720.0,4.1,0.374,0,1
APP-1192,Group B,30777.28,,2.8,0.38,0,1
APP-1193,Group B,44762.8,,2.7,0.438,1,1
APP-1194,Group A,77527.59,807.0,4.0,0.226,0,1
APP-1195,Group A,95573.65,644.0,9.2,0.333,0,1
APP-1196,Group B,59376.74,624.0,5.7,0.55,0,1
APP-1197,Group B,21312.19,,4.4,0.47,0,1
APP-1198,Group B,42364.09,,4.8,0.379,0,1
APP-1199,Group B,44166.0,,4.5,0.392,1,1
APP-1200,Group B,35162.1,,2.7,0.441,1,1
APP-1201,Group A,81790.29,678.0,4.3,0.287,0,1
APP-1202,Group A,74611.61,695.0,9.4,0.151,0,1
APP-1203,Group B,70901.99,584.0,5.1,0.45,1,1
APP-1204,Group B,50119.91,629.0,4.2,0.476,0,1
APP-1205,Group A,81950.61,768.0,7.8,0.331,0,1
APP-1206,Group A,78791.63,760.0,0.0,0.334,0,1
APP-1207,Group B,78533.01,617.0,6.2,0.383,0,1
APP-1208,Group A,107245.57,776.0,11.9,0.339,0,1
APP-1209,Group A,55690.04,712.0,6.2,0.088,0,1
APP-1210,Group A,77464.1,738.0,7.1,0.416,0,1
APP-1211,Group B,50100.46,,,0.139,0,1
APP-1212,Group B,44272.56,595.0,0.5,0.352,1,1
APP-1213,Group A,57113.35,677.0,6.4,0.281,0,1
APP-1214,Group B,46434.24,,4.8,0.494,1,1
APP-1215,Group A,82547.01,701.0,4.7,0.264,0,1
APP-1216,Group A,68618.92,670.0,10.2,0.282,0,1
APP-1217,Group B,44815.99,598.0,0.6,0.174,0,1
APP-1218,Group B,56808.28,673.0,0.0,0.45,1,1
APP-1219,Group B,54607.62,600.0,2.2,0.394,0,1
APP-1220,Group B,18000.0,593.0,3.5,0.261,1,1
APP-1221,Group A,85238.48,702.0,10.7,0.373,0,1
APP-1222,Group A,73028.24,711.0,9.1,0.299,0,1
APP-1223,Group A,82630.77,742.0,7.2,0.22,0,1
APP-1224,Group A,74335.4,700.0,6.6,0.129,0,1
APP-1225,Group A,35812.2,747.0,9.6,0.383,0,0
APP-1226,Group B,40367.91,755.0,1.0,0.452,0,1
APP-1227,Group A,69684.61,782.0,8.6,0.319,1,1
APP-1228,Group B,49582.44,,6.0,0.185,0,1
APP-1229,Group B,80541.64,691.0,1.5,0.508,0,1
APP-1230,Group B,32097.32,626.0,3.2,0.438,0,1
APP-1231,Group A,75991.57,702.0,2.8,0.377,0,1
APP-1232,Group A,41331.24,670.0,9.9,0.409,0,1
APP-1233,Group A,112827.76,687.0,6.9,0.188,0,1
APP-1234,Group A,85925.68,710.0,5.7,0.271,0,1
APP-1235,Group B,32233.38,,0.0,0.325,1,0
APP-1236,Group A,88939.09,693.0,10.5,0.31,1,1
APP-1237,Group A,44206.67,636.0,8.6,0.117,0,1
APP-1238,Group B,83185.27,,,0.41,0,1
APP-1239,Group A,53731.96,666.0,3.2,0.211,1,1
APP-1240,Group B,18000.0,689.0,1.3,0.384,0,0
APP-1241,Group B,48304.83,792.0,4.7,0.45,1,1
APP-1242,Group B,29868.11,672.0,2.8,0.349,1,1
APP-1243,Group A,44509.57,722.0,7.8,0.422,1,1
APP-1244,Group A,81161.01,690.0,7.8,0.253,0,1
APP-1245,Group B,49756.88,564.0,4.0,0.399,1,0
APP-1246,Group A,39539.35,773.0,4.3,0.228,0,1
APP-1247,Group B,56328.48,483.0,10.8,0.333,1,1
APP-1248,Group B,51011.91,659.0,5.3,0.425,1,1
APP-1249,Group B,72984.51,,3.7,0.46,1,1
APP-1250,Group A,88118.02,720.0,6.9,0.249,0,1
APP-1251,Group A,94039.21,765.0,5.8,0.22,0,1
APP-1252,Group B,40719.09,696.0,,0.411,0,1
APP-1253,Group A,85300.85,746.0,8.3,0.232,0,1
APP-1254,Group A,98778.27,745.0,8.1,0.366,0,1
APP-1255,Group A,58595.17,709.0,2.1,0.149,0,1
APP-1256,Group B,37736.44,620.0,,0.381,0,1
APP-1257,Group B,78190.38,640.0,3.6,0.368,0,1
APP-1258,Group A,42848.8,672.0,4.7,0.205,0,1
APP-1259,Group A,71901.51,745.0,6.2,0.331,0,1
APP-1260,Group B,63437.52,559.0,,0.388,0,1
APP-1261,Group B,36615.89,662.0,4.0,0.46,0,1
APP-1262,Group A,111010.22,772.0,7.6,0.241,0,1
APP-1263,Group A,91867.45,738.0,7.7,0.39,0,1
APP-1264,Group B,59063.49,607.0,3.9,0.183,0,1
APP-1265,Group B,58034.3,,2.4,0.362,0,1
APP-1266,Group B,46097.9,650.0,6.1,0.273,0,1
APP-1267,Group B,47086.44,,5.8,0.311,0,1
APP-1268,Group A,80251.23,720.0,9.6,0.269,0,1
APP-1269,Group A,73689.05,809.0,11.7,0.174,0,1
APP-1270,Group B,69377.15,720.0,4.2,0.38,0,1
APP-1271,Group B,55659.45,621.0,2.9,0.374,0,1
APP-1272,Group B,52009.5,,0.4,0.13,0,1
APP-1273,Group B,26717.84,,7.1,0.328,1,1
APP-1274,Group A,87444.14,653.0,10.1,0.274,0,1
APP-1275,Group A,94418.83,790.0,4.8,0.247,0,1
APP-1276,Group B,36346.06,713.0,1.0,0.524,1,1
APP-1277,Group B,55461.27,,1.8,0.219,0,1
APP-1278,Group B,52736.55,575.0,5.9,0.309,0,1
APP-1279,Group B,24544.26,,3.5,0.096,0,0
APP-1280,Group B,95427.08,691.0,,0.334,1,1
APP-1281,Group A,115358.16,721.0,10.2,0.222,0,1
APP-1282,Group A,83769.51,711.0,9.0,0.327,0,1
APP-1283,Group A,94617.07,673.0,0.5,0.3,0,1
APP-1284,Group A,78295.22,713.0,7.5,0.3,0,1
APP-1285,Group A,29530.07,663.0,5.8,0.266,0,1
APP-1286,Group A,72934.9,628.0,6.5,0.413,0,0
APP-1287,Group A,85741.82,713.0,6.4,0.228,0,1
APP-1288,Group A,67496.07,694.0,10.8,0.325,0,1
APP-1289,Group A,81514.15,692.0,3.1,0.406,0,1
APP-1290,Group A,58782.85,647.0,6.3,0.317,0,1
APP-1291,Group A,81601.3,741.0,3.7,0.268,1,1
APP-1292,Group B,23062.1,652.0,9.1,0.361,0,1
APP-1293,Group A,91830.57,679.0,13.6,0.128,0,1
APP-1294,Group A,46520.86,697.0,5.7,0.327,1,1
APP-1295,Group A,75959.23,727.0,5.7,0.151,0,1
APP-1296,Group B,55414.71,597.0,,0.362,1,1
APP-1297,Group A,73302.2,648.0,4.1,0.346,0,1
APP-1298,Group B,34784.15,671.0,7.7,0.396,1,1
APP-1299,Group A,87369.77,700.0,8.9,0.178,0,1
APP-1300,Group A,92646.66,687.0,5.6,0.301,0,1
APP-1301,Group A,74605.02,686.0,4.6,0.307,0,1
APP-1302,Group A,89883.84,701.0,5.1,0.386,0,1
APP-1303,Group B,56455.21,650.0,4.3,0.419,0,1
APP-1304,Group B,39676.66,,0.0,0.449,1,1
APP-1305,Group B,39218.54,601.0,,0.363,0,1
APP-1306,Group A,66859.27,744.0,7.3,0.327,0,1
APP-1307,Group A,85984.62,842.0,4.6,0.357,0,1
APP-1308,Group B,48595.83,,3.7,0.511,1,1
APP-1309,Group A,83180.56,644.0,5.3,0.198,1,1
APP-1310,Group A,22915.72,720.0,8.3,0.312,0,1
APP-1311,Group A,95740.95,747.0,4.1,0.314,1,1
APP-1312,Group A,39428.25,726.0,5.5,0.273,0,0
APP-1313,Group B,64424.26,474.0,2.2,0.258,0,1
APP-1314,Group B,64228.72,565.0,5.7,0.406,0,1
APP-1315,Group B,32878.65,562.0,6.2,0.418,0,1
APP-1316,Group A,90667.81,697.0,5.2,0.394,0,1
APP-1317,Group A,63031.48,721.0,12.4,0.311,0,1
APP-1318,Group A,83367.96,780.0,9.0,0.16,0,1
APP-1319,Group A,94407.87,750.0,7.1,0.204,0,1
APP-1320,Group A,87134.46,701.0,8.6,0.351,0,1
APP-1321,Group B,66689.31,635.0,,0.452,1,1
APP-1322,Group B,67100.93,600.0,2.6,0.25,0,1
APP-1323,Group A,96164.14,757.0,8.9,0.287,0,1
APP-1324,Group B,32349.38,615.0,5.7,0.445,0,1
APP-1325,Group B,50914.8,670.0,5.9,0.26,1,1
APP-1326,Group A,85013.31,712.0,7.0,0.227,0,1
APP-1327,Group B,47717.02,657.0,4.6,0.499,0,1
APP-1328,Group A,65423.25,667.0,9.1,0.249,0,1
APP-1329,Group A,62012.17,749.0,10.3,0.435,0,1
APP-1330,Group A,67614.46,717.0,1.7,0.313,0,1
APP-1331,Group B,74496.05,542.0,7.0,0.273,0,1
APP-1332,Group A,64283.97,625.0,3.7,0.379,0,1
APP-1333,Group A,85821.14,702.0,11.2,0.372,0,1
APP-1334,Group A,67804.63,644.0,5.8,0.301,0,1
APP-1335,Group A,64858.49,627.0,3.0,0.286,1,1
APP-1336,Group B,47852.79,580.0,,0.464,0,1
APP-1337,Group B,32051.37,,1.9,0.294,1,0
APP-1338,Group A,56562.8,660.0,7.6,0.286,0,1
APP-1339,Group A,73332.31,719.0,7.6,0.215,0,1
APP-1340,Group A,49008.38,751.0,9.4,0.188,0,1
APP-1341,Group A,43500.41,756.0,9.0,0.157,1,1
APP-1342,Group A,86029.53,727.0,8.2,0.174,0,1
APP-1343,Group A,57708.69,795.0,7.1,0.26,0,1
APP-1344,Group A,86441.15,707.0,10.4,0.253,0,1
APP-1345,Group B,36440.96,631.0,,0.379,0,1
APP-1346,Group B,44138.24,536.0,,0.498,1,1
APP-1347,Group A,91150.62,661.0,8.1,0.325,0,1
APP-1348,Group A,59324.69,675.0,4.3,0.213,0,1
APP-1349,Group B,82690.25,,8.0,0.46,0,1
APP-1350,Group A,84993.7,734.0,7.2,0.339,0,1
APP-1351,Group B,77506.37,684.0,4.4,0.531,0,1
APP-1352,Group B,64299.92,626.0,6.7,0.596,0,1
APP-1353,Group A,91206.9,697.0,10.3,0.331,0,1
APP-1354,Group A,48227.88,745.0,5.2,0.418,0,1
APP-1355,Group B,61689.83,652.0,2.8,0.183,0,1
APP-1356,Group A,75507.77,614.0,7.0,0.225,1,1
APP-1357,Group A,80041.21,691.0,12.2,0.199,0,1
APP-1358,Group B,46978.67,622.0,6.0,0.394,1,1
APP-1359,Group A,61112.84,726.0,4.0,0.191,0,1
APP-1360,Group A,133981.89,772.0,2.9,0.174,0,1
APP-1361,Group B,39974.73,705.0,1.1,0.224,1,1
APP-1362,Group A,70404.01,667.0,7.5,0.519,0,1
APP-1363,Group A,83353.47,752.0,7.5,0.293,0,1
APP-1364,Group B,89017.78,566.0,5.2,0.267,0,1
APP-1365,Group A,54259.65,747.0,7.3,0.42,0,1
APP-1366,Group B,39227.56,558.0,,0.329,1,1
APP-1367,Group B,26482.77,679.0,3.6,0.301,0,1
APP-1368,Group A,95427.67,814.0,2.2,0.13,0,1
APP-1369,Group A,96718.53,763.0,7.0,0.176,0,1
APP-1370,Group A,81556.42,756.0,4.0,0.287,0,1
APP-1371,Group A,68285.38,671.0,8.3,0.216,0,1
APP-1372,Group A,92169.02,698.0,7.1,0.164,0,1
APP-1373,Group B,51177.4,590.0,,0.456,1,1
APP-1374,Group A,80612.73,798.0,8.1,0.311,0,1
APP-1375,Group A,33283.68,701.0,6.3,0.394,0,1
APP-1376,Group B,37599.31,636.0,7.1,0.314,1,1
APP-1377,Group A,69485.96,757.0,8.5,0.284,0,1
APP-1378,Group B,41079.39,654.0,7.0,0.311,0,1
APP-1379,Group A,53442.56,676.0,3.2,0.162,0,1
APP-1380,Group A,62905.11,600.0,9.7,0.382,0,1
APP-1381,Group B,48238.83,,4.7,0.511,0,1
APP-1382,Group B,60231.05,,5.8,0.439,1,1
APP-1383,Group B,31403.29,644.0,6.7,0.513,1,1
APP-1384,Group B,44025.21,,4.7,0.406,1,1
APP-1385,Group B,61745.34,734.0,6.0,0.391,1,0
APP-1386,Group A,54349.52,730.0,12.4,0.263,0,1
APP-1387,Group A,62393.75,660.0,4.7,0.225,0,1
APP-1388,Group B,52281.13,699.0,,0.512,1,1
APP-1389,Group B,71950.08,679.0,6.3,0.25,0,1
APP-1390,Group B,55093.11,676.0,1.1,0.27,0,1
APP-1391,Group A,54733.68,745.0,2.4,0.329,0,1
APP-1392,Group A,86046.0,741.0,4.9,0.327,0,1
APP-1393,Group B,34910.36,733.0,2.8,0.353,0,1
APP-1394,Group A,81993.0,632.0,7.3,0.259,0,1
APP-1395,Group B,64073.34,621.0,2.8,0.424,1,1
APP-1396,Group B,65622.2,680.0,1.5,0.336,0,1
APP-1397,Group A,99295.94,680.0,1.6,0.331,0,1
APP-1398,Group B,63197.26,,,0.469,1,1
APP-1399,Group B,69401.69,661.0,8.1,0.535,1,1
APP-1400,Group A,67971.72,788.0,4.5,0.403,0,1
APP-1401,Group B,64665.55,650.0,3.5,0.416,1,1
APP-1402,Group A,87510.16,754.0,5.2,0.29,0,1
APP-1403,Group B,73411.27,716.0,5.4,0.344,0,1
APP-1404,Group A,114251.74,710.0,10.0,0.387,0,1
APP-1405,Group B,59273.83,,1.0,0.397,1,1
APP-1406,Group A,114741.22,683.0,6.0,0.307,0,1
APP-1407,Group A,85461.58,777.0,9.5,0.32,0,1
APP-1408,Group B,52783.26,676.0,0.0,0.33,0,1
APP-1409,Group A,41905.43,737.0,7.5,0.341,0,1
APP-1410,Group A,65683.89,702.0,6.8,0.244,0,1
APP-1411,Group B,68768.28,657.0,4.8,0.44,0,1
APP-1412,Group B,63331.53,588.0,,0.297,1,1
APP-1413,Group A,80773.08,714.0,10.6,0.27,0,1
APP-1414,Group B,42704.27,627.0,3.5,0.285,0,1
APP-1415,Group A,61807.95,675.0,1.8,0.262,0,1
APP-1416,Group A,69876.4,698.0,6.8,0.318,0,1
APP-1417,Group A,62746.11,763.0,4.0,0.219,0,1
APP-1418,Group B,38140.07,,2.9,0.378,0,1
APP-1419,Group B,45170.72,,6.2,0.322,0,1
APP-1420,Group B,51434.09,585.0,5.4,0.181,1,1
APP-1421,Group B,56255.52,571.0,1.1,0.362,1,1
APP-1422,Group A,73090.72,621.0,6.8,0.213,0,1
APP-1423,Group A,51282.79,594.0,8.6,0.411,0,1
APP-1424,Group A,84641.33,728.0,8.2,0.126,0,1
APP-1425,Group A,51312.8,685.0,12.1,0.274,0,1
APP-1426,Group A,99937.83,707.0,9.9,0.251,0,1
APP-1427,Group B,42529.08,512.0,2.8,0.394,0,1
APP-1428,Group A,113082.73,791.0,13.7,0.267,0,1
APP-1429,Group A,33066.49,753.0,4.3,0.312,0,1
APP-1430,Group A,63222.66,668.0,5.2,0.237,0,1
APP-1431,Group B,58846.87,628.0,,0.405,0,1
APP-1432,Group B,73923.26,607.0,2.2,0.337,1,1
APP-1433,Group A,83031.21,733.0,8.6,0.202,0,1
APP-1434,Group A,83172.15,695.0,4.5,0.209,0,1
APP-1435,Group B,57331.33,664.0,,0.429,0,1
APP-1436,Group A,33259.46,681.0,6.9,0.207,1,1
APP-1437,Group B,40188.47,,,0.449,1,1
APP-1438,Group B,41076.43,670.0,0.0,0.31,1,1
APP-1439,Group A,98433.25,692.0,5.2,0.191,0,1
APP-1440,Group A,90364.14,721.0,8.5,0.594,0,1
APP-1441,Group B,53014.05,607.0,,0.338,0,0
APP-1442,Group A,74089.76,689.0,5.3,0.306,0,1
APP-1443,Group A,58708.1,683.0,10.7,0.241,0,1
APP-1444,Group B,42363.97,663.0,,0.436,1,1
APP-1445,Group B,65371.47,647.0,2.4,0.343,0,1
APP-1446,Group B,53765.22,724.0,,0.435,0,1
APP-1447,Group B,61097.28,653.0,5.7,0.214,1,1
APP-1448,Group A,92383.09,687.0,4.3,0.356,0,1
APP-1449,Group A,94825.17,762.0,3.7,0.178,0,1
APP-1450,Group B,22489.29,614.0,6.5,0.313,1,1
APP-1451,Group A,65631.32,652.0,3.7,0.304,1,1
APP-1452,Group A,76704.19,560.0,6.4,0.15,0,1
APP-1453,Group B,66845.48,693.0,6.2,0.377,1,1
APP-1454,Group A,56021.67,797.0,9.8,0.261,1,1
APP-1455,Group A,69596.8,740.0,3.7,0.354,0,1
APP-1456,Group A,64420.45,657.0,10.7,0.259,0,1
APP-1457,Group A,79586.28,796.0,6.8,0.132,0,1
APP-1458,Group A,47633.7,809.0,9.7,0.288,0,1
APP-1459,Group A,92043.58,773.0,12.7,0.345,1,1
APP-1460,Group A,41902.25,662.0,6.6,0.287,0,1
APP-1461,Group B,33494.26,634.0,4.4,0.292,1,1
APP-1462,Group B,53296.66,626.0,,0.368,0,1
APP-1463,Group A,40113.39,739.0,6.8,0.316,0,1
APP-1464,Group B,44555.1,763.0,5.4,0.226,0,1
APP-1465,Group A,37689.1,761.0,8.3,0.315,0,1
APP-1466,Group A,49256.73,640.0,5.2,0.363,0,1
APP-1467,Group B,50771.0,,7.1,0.354,0,1
APP-1468,Group A,99005.23,687.0,5.8,0.372,0,1
APP-1469,Group B,59393.72,628.0,4.8,0.556,0,1
APP-1470,Group A,25233.45,677.0,8.4,0.201,1,1
APP-1471,Group B,83022.38,672.0,3.7,0.289,0,1
APP-1472,Group A,87204.32,718.0,5.2,0.298,0,1
APP-1473,Group B,18000.0,714.0,,0.403,1,0
APP-1474,Group A,47566.53,675.0,6.1,0.217,0,1
APP-1475,Group B,72832.23,724.0,3.6,0.292,0,1
APP-1476,Group A,81349.07,693.0,6.7,0.238,0,1
APP-1477,Group A,78062.04,761.0,7.0,0.154,0,1
APP-1478,Group B,56054.75,685.0,0.8,0.53,1,1
APP-1479,Group A,114797.1,728.0,11.9,0.24,0,1
APP-1480,Group B,56212.44,624.0,7.0,0.374,0,1
APP-1481,Group B,65180.22,626.0,5.6,0.313,1,1
APP-1482,Group A,35977.96,717.0,1.5,0.341,0,1
APP-1483,Group B,79137.4,595.0,7.3,0.242,1,1
APP-1484,Group A,72409.66,739.0,4.9,0.348,1,1
APP-1485,Group B,53321.82,618.0,7.2,0.469,0,1
APP-1486,Group A,49137.17,739.0,8.4,0.13,0,1
APP-1487,Group A,68443.53,693.0,11.5,0.242,1,1
APP-1488,Group B,48503.16,,6.6,0.526,0,1
APP-1489,Group B,45274.08,607.0,2.5,0.349,0,1
APP-1490,Group A,36812.88,776.0,7.2,0.247,0,1
APP-1491,Group B,39819.93,705.0,4.2,0.31,0,1
APP-1492,Group A,75826.51,732.0,9.9,0.198,0,1
APP-1493,Group A,70165.01,749.0,5.1,0.286,0,1
APP-1494,Group A,83645.26,734.0,4.9,0.223,0,1
APP-1495,Group A,35290.78,679.0,9.0,0.218,0,1
APP-1496,Group A,18000.0,691.0,3.9,0.149,0,1
APP-1497,Group A,80043.35,651.0,8.8,0.337,0,1
APP-1498,Group B,43736.37,595.0,1.1,0.185,1,1
APP-1499,Group B,80220.33,584.0,5.3,0.246,0,1
APP-1500,Group B,33960.09,591.0,0.3,0.31,1,1
APP-1501,Group A,85330.35,759.0,5.9,0.375,0,1
APP-1502,Group A,59396.02,777.0,3.4,0.351,0,1
APP-1503,Group B,62894.03,,6.6,0.382,0,1
APP-1504,Group B,93069.73,600.0,0.2,0.172,0,1
APP-1505,Group A,97892.13,720.0,9.8,0.323,0,1
APP-1506,Group B,34858.31,,2.1,0.443,1,1
APP-1507,Group B,43844.09,,6.3,0.529,1,1
APP-1508,Group B,65241.2,756.0,0.0,0.308,1,1
APP-1509,Group B,65120.36,573.0,5.5,0.228,1,1
APP-1510,Group B,57107.52,576.0,,0.485,1,1
APP-1511,Group A,70819.58,737.0,6.0,0.278,0,1
APP-1512,Group B,32724.66,764.0,0.8,0.379,0,1
APP-1513,Group B,55943.99,645.0,8.1,0.555,1,1
APP-1514,Group A,41628.01,763.0,6.5,0.342,0,1
APP-1515,Group A,55046.51,762.0,12.7,0.3,1,1
APP-1516,Group A,87773.2,763.0,8.1,0.292,0,1
APP-1517,Group B,63747.64,566.0,7.0,0.533,0,1
APP-1518,Group B,35716.94,716.0,,0.554,0,1
APP-1519,Group A,59796.21,724.0,11.6,0.227,0,1
APP-1520,Group A,56674.52,778.0,10.5,0.291,1,1
APP-1521,Group A,87168.16,848.0,7.3,0.213,0,1
APP-1522,Group B,23893.12,738.0,3.2,0.339,0,1
APP-1523,Group B,51432.78,658.0,6.7,0.369,1,1
APP-1524,Group B,74985.38,662.0,1.0,0.252,0,1
APP-1525,Group A,99119.12,767.0,4.6,0.248,0,1
APP-1526,Group A,79332.5,659.0,10.3,0.365,0,1
APP-1527,Group A,74997.62,764.0,9.2,0.395,0,1
APP-1528,Group A,116720.94,659.0,5.9,0.313,0,1
APP-1529,Group B,97984.35,,1.9,0.369,0,1
APP-1530,Group B,55530.37,,0.1,0.386,1,1
APP-1531,Group B,87475.56,639.0,,0.252,1,1
APP-1532,Group B,80617.1,677.0,7.5,0.226,1,1
APP-1533,Group A,86974.78,664.0,0.9,0.345,1,1
APP-1534,Group B,33525.35,720.0,1.6,0.523,1,1
APP-1535,Group B,18000.0,563.0,4.5,0.262,1,1
APP-1536,Group B,41311.39,,4.2,0.147,0,1
APP-1537,Group A,33700.85,676.0,4.2,0.261,1,1
APP-1538,Group A,39122.15,642.0,4.9,0.436,0,1
APP-1539,Group A,78450.54,736.0,14.3,0.237,0,1
APP-1540,Group B,21712.14,,3.3,0.264,0,1
APP-1541,Group B,36872.95,684.0,4.2,0.292,1,1
APP-1542,Group A,79251.48,761.0,10.3,0.235,0,1
APP-1543,Group B,54230.51,589.0,3.5,0.44,0,1
APP-1544,Group B,50668.49,635.0,8.9,0.221,0,1
APP-1545,Group A,99049.55,726.0,6.9,0.213,0,1
APP-1546,Group A,84828.59,738.0,7.6,0.272,0,1
APP-1547,Group B,62072.39,,3.7,0.311,1,1
APP-1548,Group A,88641.39,716.0,6.3,0.444,0,1
APP-1549,Group B,41381.63,695.0,3.6,0.253,1,1
APP-1550,Group A,63997.69,703.0,9.5,0.297,0,1
APP-1551,Group B,46718.7,546.0,4.8,0.481,0,1
APP-1552,Group A,80051.38,779.0,8.3,0.368,0,1
APP-1553,Group A,44568.06,797.0,7.2,0.326,0,1
APP-1554,Group B,62327.4,557.0,0.8,0.389,0,1
APP-1555,Group A,103008.0,738.0,2.4,0.291,0,1
APP-1556,Group A,72769.82,670.0,5.8,0.247,0,1
APP-1557,Group A,64235.28,703.0,7.9,0.08,0,1
APP-1558,Group B,71597.85,,4.0,0.243,0,1
APP-1559,Group B,54277.42,592.0,6.5,0.378,1,1
APP-1560,Group B,55155.16,553.0,,0.373,1,1
APP-1561,Group A,65240.13,751.0,2.1,0.29,0,1
APP-1562,Group A,94556.31,605.0,10.5,0.391,0,1
APP-1563,Group A,22182.05,694.0,7.3,0.321,0,0
APP-1564,Group A,56508.72,630.0,6.0,0.263,0,1
APP-1565,Group A,87414.95,762.0,2.8,0.492,1,1
APP-1566,Group A,71336.99,692.0,10.5,0.23,1,1
APP-1567,Group A,85054.3,693.0,5.5,0.328,0,1
APP-1568,Group B,57813.54,636.0,5.3,0.307,0,1
APP-1569,Group A,63918.89,790.0,10.6,0.303,0,1
APP-1570,Group A,59088.86,731.0,10.8,0.103,0,1
APP-1571,Group B,54830.65,640.0,5.0,0.277,0,1
APP-1572,Group A,63364.36,651.0,6.4,0.445,0,1
APP-1573,Group B,72568.6,527.0,1.0,0.386,1,1
APP-1574,Group B,89725.18,744.0,5.7,0.279,0,1
APP-1575,Group B,73684.14,599.0,0.0,0.403,1,1
APP-1576,Group A,102529.93,726.0,9.1,0.397,0,1
APP-1577,Group B,44833.44,600.0,8.5,0.213,1,1
APP-1578,Group A,38198.45,708.0,8.9,0.29,0,1
APP-1579,Group A,57175.63,707.0,9.6,0.45,0,1
APP-1580,Group A,94167.72,713.0,7.7,0.366,1,1
APP-1581,Group B,74555.6,,7.9,0.316,1,1
APP-1582,Group A,49598.78,724.0,4.5,0.229,0,1
APP-1583,Group A,85451.24,618.0,2.3,0.429,0,1
APP-1584,Group B,53282.57,,,0.268,0,1
APP-1585,Group A,101738.41,769.0,6.7,0.36,0,1
APP-1586,Group A,100184.66,767.0,4.1,0.361,1,1
APP-1587,Group A,69467.28,733.0,5.6,0.251,1,1
APP-1588,Group A,115996.24,710.0,9.3,0.217,0,1
APP-1589,Group A,58865.07,625.0,8.7,0.295,0,1
APP-1590,Group A,88857.12,747.0,4.0,0.257,0,1
APP-1591,Group B,61559.74,745.0,4.1,0.214,0,1
APP-1592,Group A,112955.34,663.0,4.5,0.341,0,1
APP-1593,Group A,58334.1,678.0,7.3,0.286,0,1
APP-1594,Group B,59587.83,,,0.397,1,1
APP-1595,Group A,44836.24,652.0,6.9,0.222,0,1
APP-1596,Group B,37401.98,568.0,4.6,0.381,0,1
APP-1597,Group A,63700.36,731.0,8.0,0.291,0,1
APP-1598,Group A,75143.57,606.0,7.5,0.457,0,1
APP-1599,Group A,94797.2,679.0,6.6,0.307,0,1
APP-1600,Group A,89627.61,740.0,6.6,0.307,1,1
APP-1601,Group A,83038.38,674.0,9.5,0.372,0,1
APP-1602,Group A,73706.23,714.0,7.2,0.268,0,1
APP-1603,Group A,67985.79,762.0,8.0,0.253,0,1
APP-1604,Group A,87061.89,667.0,14.5,0.301,0,1
APP-1605,Group A,82576.21,729.0,5.2,0.305,0,1
APP-1606,Group A,99363.89,763.0,9.6,0.255,0,1
APP-1607,Group A,70581.15,664.0,7.2,0.295,0,1
APP-1608,Group A,56673.58,668.0,6.6,0.305,0,1
APP-1609,Group B,33593.46,620.0,4.1,0.334,1,1
APP-1610,Group A,46281.81,644.0,7.8,0.109,0,1
APP-1611,Group B,52274.09,708.0,1.2,0.362,1,1
APP-1612,Group B,48733.92,,6.5,0.53,0,1
APP-1613,Group A,102985.67,691.0,8.5,0.241,0,1
APP-1614,Group B,30405.44,489.0,6.1,0.277,1,1
APP-1615,Group B,68138.6,,4.0,0.362,1,1
APP-1616,Group A,65843.03,702.0,5.9,0.172,0,1
APP-1617,Group A,84576.37,744.0,7.4,0.257,1,1
APP-1618,Group B,34087.33,628.0,0.0,0.378,0,1
APP-1619,Group B,78200.45,692.0,,0.315,1,1
APP-1620,Group A,61154.99,612.0,7.3,0.443,1,1
APP-1621,Group A,70751.42,785.0,7.0,0.304,1,1
APP-1622,Group A,58739.71,751.0,7.7,0.281,1,1
APP-1623,Group A,80768.22,682.0,2.7,0.239,0,1
APP-1624,Group B,70032.85,608.0,,0.284,0,1
APP-1625,Group A,79707.77,644.0,5.0,0.147,0,1
APP-1626,Group A,33488.24,706.0,6.5,0.254,0,1
APP-1627,Group B,35429.51,608.0,3.0,0.389,1,1
APP-1628,Group A,78621.25,775.0,8.8,0.247,0,1
APP-1629,Group A,106397.33,713.0,5.1,0.209,0,1
APP-1630,Group B,27006.23,536.0,1.0,0.376,1,0
APP-1631,Group B,42776.71,582.0,,0.362,1,1
APP-1632,Group A,55122.75,731.0,4.4,0.288,0,1
APP-1633,Group A,64929.92,705.0,6.6,0.313,0,1
APP-1634,Group A,67046.41,651.0,5.8,0.302,1,1
APP-1635,Group A,101295.6,682.0,10.6,0.162,0,1
APP-1636,Group A,98637.82,734.0,6.4,0.238,0,1
APP-1637,Group A,46961.84,776.0,7.9,0.193,0,1
APP-1638,Group A,55639.08,694.0,5.2,0.223,0,1
APP-1639,Group A,98666.48,794.0,4.0,0.392,0,1
APP-1640,Group A,72001.19,638.0,5.4,0.319,0,1
APP-1641,Group A,68441.16,750.0,3.7,0.372,0,1
APP-1642,Group A,47084.22,740.0,4.8,0.264,0,1
APP-1643,Group A,64276.56,697.0,3.8,0.276,0,1
APP-1644,Group A,81390.49,793.0,7.4,0.36,0,1
APP-1645,Group B,43535.62,612.0,3.4,0.42,0,0
APP-1646,Group A,60212.57,770.0,9.9,0.299,0,1
APP-1647,Group B,47674.09,531.0,5.9,0.277,1,1
APP-1648,Group B,18811.72,582.0,3.8,0.414,1,1
APP-1649,Group A,88966.42,697.0,11.5,0.312,0,1
APP-1650,Group A,59001.19,615.0,5.8,0.36,0,1
APP-1651,Group A,78192.96,739.0,9.4,0.33,0,1
APP-1652,Group A,63877.63,703.0,12.0,0.205,0,1
APP-1653,Group B,38644.3,724.0,1.2,0.409,1,1
APP-1654,Group A,46694.66,721.0,10.0,0.212,0,1
APP-1655,Group A,57316.83,581.0,7.2,0.356,0,1
APP-1656,Group A,68071.47,629.0,6.2,0.253,0,1
APP-1657,Group A,90053.65,651.0,7.5,0.377,0,1
APP-1658,Group B,64087.56,,6.2,0.436,1,1
APP-1659,Group A,37791.04,753.0,5.3,0.296,1,1
APP-1660,Group A,68011.21,671.0,8.1,0.378,0,1
APP-1661,Group B,72962.5,634.0,6.1,0.323,0,1
APP-1662,Group B,61677.34,,3.3,0.232,0,1
APP-1663,Group A,81289.59,802.0,3.5,0.322,0,1
APP-1664,Group A,73141.12,698.0,10.4,0.295,0,1
APP-1665,Group A,86773.05,706.0,8.0,0.294,0,1
APP-1666,Group A,62835.47,728.0,7.9,0.129,0,1
APP-1667,Group A,51996.56,727.0,11.4,0.16,1,1
APP-1668,Group A,82113.38,720.0,8.5,0.396,0,1
APP-1669,Group A,97324.93,785.0,6.3,0.48,0,1
APP-1670,Group A,79857.64,606.0,8.7,0.236,0,1
APP-1671,Group B,49716.15,586.0,2.1,0.553,0,1
APP-1672,Group A,35490.24,748.0,0.8,0.282,0,1
APP-1673,Group A,74405.17,683.0,8.8,0.261,0,1
APP-1674,Group A,107867.56,728.0,4.4,0.278,1,1
APP-1675,Group B,95033.79,665.0,3.8,0.2,0,1
APP-1676,Group A,65234.52,742.0,7.1,0.168,0,1
APP-1677,Group A,77364.24,676.0,10.5,0.263,0,1
APP-1678,Group B,42681.53,,9.4,0.218,1,1
APP-1679,Group B,29764.95,567.0,3.3,0.278,0,1
APP-1680,Group B,80773.69,692.0,6.2,0.218,1,1
APP-1681,Group A,107419.52,704.0,4.1,0.188,1,1
APP-1682,Group A,74553.99,676.0,7.6,0.341,0,1
APP-1683,Group B,38133.11,560.0,4.5,0.474,1,1
APP-1684,Group B,50121.83,666.0,2.2,0.378,1,1
APP-1685,Group A,77483.13,745.0,7.7,0.199,0,1
APP-1686,Group A,94239.74,698.0,9.2,0.302,0,1
APP-1687,Group A,67077.08,672.0,9.3,0.37,0,1
APP-1688,Group B,62296.11,594.0,,0.346,1,1
APP-1689,Group A,73140.34,698.0,3.5,0.272,1,1
APP-1690,Group A,67233.06,695.0,8.9,0.224,0,1
APP-1691,Group A,67725.94,712.0,6.8,0.24,0,1
APP-1692,Group A,92191.7,714.0,10.4,0.249,0,1
APP-1693,Group A,78340.74,731.0,8.7,0.266,0,1
APP-1694,Group A,99695.04,658.0,8.8,0.233,0,1
APP-1695,Group B,49091.99,599.0,1.5,0.251,1,1
APP-1696,Group A,102021.46,754.0,6.8,0.299,0,1
APP-1697,Group A,96097.18,701.0,5.0,0.192,0,1
APP-1698,Group A,106175.78,633.0,11.9,0.25,0,1
APP-1699,Group A,72094.97,694.0,3.2,0.272,0,1
APP-1700,Group A,62847.07,703.0,9.9,0.297,0,1
APP-1701,Group A,108686.97,760.0,12.1,0.226,0,1
APP-1702,Group A,70138.78,710.0,10.2,0.382,0,1
APP-1703,Group A,78080.96,708.0,7.2,0.063,1,1
APP-1704,Group A,87377.73,792.0,8.1,0.305,0,1
APP-1705,Group B,18000.0,607.0,2.1,0.357,1,1
APP-1706,Group A,94803.32,699.0,8.6,0.242,0,1
APP-1707,Group B,18484.9,647.0,6.9,0.35,0,1
APP-1708,Group A,69052.48,698.0,10.0,0.223,0,1
APP-1709,Group B,41247.43,608.0,5.1,0.343,0,1
APP-1710,Group B,51832.81,660.0,8.5,0.326,1,1
APP-1711,Group A,55556.95,759.0,6.7,0.191,0,1
APP-1712,Group A,66667.49,707.0,8.2,0.301,0,1
APP-1713,Group A,40837.61,842.0,9.7,0.26,1,1
APP-1714,Group A,96946.0,632.0,0.0,0.326,0,1
APP-1715,Group B,22356.45,679.0,2.3,0.203,1,1
APP-1716,Group B,53989.64,599.0,5.2,0.075,0,1
APP-1717,Group B,41546.17,,,0.403,1,0
APP-1718,Group A,75909.83,738.0,12.6,0.241,0,1
APP-1719,Group B,87790.01,,1.1,0.326,1,1
APP-1720,Group B,51899.91,717.0,0.6,0.412,1,1
APP-1721,Group A,78005.77,807.0,10.9,0.231,0,1
APP-1722,Group A,43739.31,651.0,11.3,0.252,0,1
APP-1723,Group B,58397.77,729.0,6.7,0.305,0,1
APP-1724,Group A,75504.22,633.0,7.5,0.456,0,1
APP-1725,Group B,53293.86,671.0,6.6,0.38,1,1
APP-1726,Group A,58278.76,781.0,6.7,0.209,0,1
APP-1727,Group B,45142.06,676.0,2.1,0.235,1,1
APP-1728,Group A,73803.48,735.0,7.9,0.12,0,1
APP-1729,Group A,93791.59,665.0,2.3,0.182,0,1
APP-1730,Group A,34564.03,705.0,5.2,0.203,1,1
APP-1731,Group B,28223.34,502.0,4.7,0.365,0,1
APP-1732,Group B,72868.86,,2.1,0.38,1,0
APP-1733,Group A,77901.61,677.0,4.5,0.335,0,1
APP-1734,Group A,45318.87,700.0,10.6,0.158,0,1
APP-1735,Group B,45119.91,596.0,2.1,0.292,0,1
APP-1736,Group A,55517.56,745.0,3.1,0.152,1,1
APP-1737,Group B,31530.78,582.0,7.8,0.363,1,1
APP-1738,Group A,66813.83,760.0,3.6,0.37,0,1
APP-1739,Group A,40576.48,664.0,10.1,0.341,0,1
APP-1740,Group A,63089.3,755.0,12.1,0.248,0,1
APP-1741,Group A,96678.42,790.0,8.3,0.405,0,1
APP-1742,Group B,18000.0,619.0,,0.379,1,1
APP-1743,Group A,81485.18,824.0,1.1,0.273,0,1
APP-1744,Group A,34275.59,712.0,6.3,0.146,0,1
APP-1745,Group B,41146.63,661.0,,0.418,1,1
APP-1746,Group A,81148.07,669.0,7.8,0.376,0,1
APP-1747,Group A,109368.14,585.0,7.3,0.254,0,1
APP-1748,Group B,20640.01,605.0,1.3,0.374,1,0
APP-1749,Group B,42993.05,669.0,4.2,0.465,1,1
APP-1750,Group A,80905.6,671.0,7.5,0.294,0,1
APP-1751,Group B,44687.64,,5.4,0.345,1,1
APP-1752,Group B,61267.9,693.0,4.8,0.307,0,1
APP-1753,Group A,47056.95,771.0,8.0,0.267,0,1
APP-1754,Group A,96601.12,757.0,8.5,0.366,0,1
APP-1755,Group B,58341.23,,2.6,0.353,0,1
APP-1756,Group B,61736.35,697.0,2.3,0.354,0,1
APP-1757,Group A,90532.92,707.0,2.8,0.363,0,1
APP-1758,Group B,45684.71,496.0,,0.251,1,1
APP-1759,Group B,34156.77,700.0,2.1,0.323,1,1
APP-1760,Group A,77049.69,686.0,1.7,0.102,0,1
APP-1761,Group A,94915.62,736.0,5.6,0.159,0,1
APP-1762,Group A,68188.03,735.0,2.9,0.298,0,1
APP-1763,Group B,48174.98,717.0,5.5,0.158,0,1
APP-1764,Group A,84614.89,785.0,5.5,0.24,0,1
APP-1765,Group A,77480.9,679.0,7.3,0.233,0,1
APP-1766,Group B,31171.9,553.0,0.1,0.426,0,1
APP-1767,Group B,65447.31,731.0,,0.412,1,1
APP-1768,Group A,63399.67,652.0,9.6,0.313,1,1
APP-1769,Group B,31364.79,670.0,8.7,0.484,1,1
APP-1770,Group A,91916.06,736.0,5.6,0.341,0,1
APP-1771,Group B,55590.74,635.0,,0.314,0,1
APP-1772,Group A,58096.92,738.0,6.9,0.152,1,1
APP-1773,Group A,65783.35,691.0,7.0,0.41,1,1
APP-1774,Group B,59117.58,578.0,2.5,0.314,1,1
APP-1775,Group A,104337.47,737.0,5.5,0.131,0,1
APP-1776,Group A,55824.43,642.0,2.2,0.313,1,1
APP-1777,Group B,60948.79,,4.7,0.286,1,1
APP-1778,Group B,63839.74,635.0,,0.466,0,1
APP-1779,Group B,41679.88,622.0,,0.325,0,1
APP-1780,Group B,58270.15,582.0,,0.467,1,1
APP-1781,Group A,114456.22,731.0,10.1,0.397,0,1
APP-1782,Group A,73937.86,682.0,7.5,0.356,0,1
APP-1783,Group A,96809.69,770.0,3.7,0.344,0,1
APP-1784,Group A,79333.66,695.0,6.3,0.341,0,1
APP-1785,Group B,20997.82,,6.7,0.283,1,1
APP-1786,Group A,82404.24,739.0,6.7,0.275,0,1
APP-1787,Group A,79657.43,746.0,4.1,0.35,0,1
APP-1788,Group A,73412.23,695.0,4.0,0.309,0,1
APP-1789,Group B,64586.15,561.0,,0.199,0,1
APP-1790,Group A,90837.19,681.0,9.6,0.182,1,1
APP-1791,Group A,75118.76,753.0,5.8,0.306,1,1
APP-1792,Group A,63071.77,695.0,9.4,0.233,0,1
APP-1793,Group B,47426.14,,4.1,0.37,0,1
APP-1794,Group A,63672.11,752.0,7.6,0.201,1,1
APP-1795,Group B,74102.87,639.0,8.4,0.314,1,1
APP-1796,Group B,43726.18,570.0,,0.38,0,1
APP-1797,Group A,77857.02,711.0,11.0,0.271,0,1
APP-1798,Group B,59592.04,725.0,3.5,0.454,1,1
APP-1799,Group B,31050.56,759.0,2.2,0.293,1,1
APP-1800,Group B,53221.09,,7.6,0.309,0,1
APP-1801,Group A,51575.68,824.0,6.3,0.281,0,1
APP-1802,Group A,65927.27,796.0,4.3,0.342,0,1
APP-1803,Group B,27591.34,667.0,5.6,0.228,1,1
APP-1804,Group A,44101.25,683.0,8.2,0.347,0,1
APP-1805,Group B,25955.22,636.0,0.3,0.491,1,1
APP-1806,Group B,18000.0,,6.0,0.373,1,1
APP-1807,Group B,83474.37,615.0,3.4,0.624,0,1
APP-1808,Group A,42665.73,699.0,6.3,0.33,1,1
APP-1809,Group A,119310.89,738.0,3.8,0.29,0,1
APP-1810,Group B,56429.51,588.0,7.7,0.332,0,1
APP-1811,Group B,46177.37,,,0.4,0,1
APP-1812,Group A,57876.6,712.0,9.0,0.149,0,1
APP-1813,Group B,29355.56,688.0,,0.433,1,1
APP-1814,Group B,67505.86,,3.4,0.302,0,1
APP-1815,Group A,92950.87,767.0,5.0,0.22,0,1
APP-1816,Group A,46127.91,686.0,6.8,0.299,0,1
APP-1817,Group A,69118.03,724.0,8.3,0.239,0,1
APP-1818,Group A,77526.28,687.0,4.0,0.164,0,1
APP-1819,Group A,67031.28,772.0,6.6,0.327,0,1
APP-1820,Group B,69194.85,637.0,2.5,0.419,1,1
APP-1821,Group A,65735.22,748.0,7.4,0.186,0,1
APP-1822,Group A,89456.54,716.0,10.0,0.321,0,1
APP-1823,Group A,34339.99,816.0,4.6,0.28,0,1
APP-1824,Group A,106853.4,711.0,3.4,0.276,0,1
APP-1825,Group B,54424.73,,1.3,0.396,1,1
APP-1826,Group A,59182.36,712.0,2.9,0.336,0,1
APP-1827,Group A,18000.0,716.0,5.3,0.311,0,1
APP-1828,Group B,36371.3,646.0,6.8,0.334,1,1
APP-1829,Group A,86693.67,691.0,8.2,0.227,0,1
APP-1830,Group A,45054.85,774.0,5.0,0.338,0,1
APP-1831,Group A,90623.48,662.0,7.8,0.362,0,1
APP-1832,Group A,51338.88,697.0,10.1,0.344,0,1
APP-1833,Group A,102213.52,711.0,7.1,0.339,1,1
APP-1834,Group A,28593.69,749.0,6.9,0.376,0,1
APP-1835,Group A,99173.64,708.0,6.0,0.373,0,1
APP-1836,Group B,101593.92,620.0,5.8,0.295,1,1
APP-1837,Group A,60334.63,695.0,4.3,0.238,0,1
APP-1838,Group A,84723.7,613.0,0.8,0.339,0,1
APP-1839,Group B,50214.39,,1.8,0.279,1,1
APP-1840,Group A,60219.43,743.0,11.3,0.246,0,1
APP-1841,Group B,27000.21,660.0,3.1,0.401,1,1
APP-1842,Group A,101408.28,666.0,8.9,0.258,0,1
APP-1843,Group B,51481.55,554.0,5.7,0.34,1,1
APP-1844,Group A,93470.17,657.0,9.6,0.185,0,1
APP-1845,Group A,76010.73,784.0,4.6,0.243,0,1
APP-1846,Group A,102017.05,677.0,4.6,0.286,0,1
APP-1847,Group B,48427.28,,4.5,0.419,1,1
APP-1848,Group A,31435.77,684.0,5.3,0.318,0,1
APP-1849,Group A,121760.23,698.0,7.3,0.329,0,1
APP-1850,Group A,92414.93,757.0,7.4,0.269,0,1
APP-1851,Group B,33162.33,586.0,,0.289,1,1
APP-1852,Group A,78818.33,708.0,7.4,0.238,0,1
APP-1853,Group B,52802.94,722.0,,0.474,0,1
APP-1854,Group A,62839.88,659.0,3.0,0.315,0,1
APP-1855,Group A,86682.63,741.0,4.8,0.247,0,1
APP-1856,Group A,94875.64,779.0,4.4,0.318,0,1
APP-1857,Group A,66505.56,735.0,7.6,0.246,0,1
APP-1858,Group A,79549.92,742.0,4.5,0.182,0,1
APP-1859,Group A,74897.91,677.0,6.2,0.203,0,1
APP-1860,Group B,64076.4,,3.0,0.258,0,1
APP-1861,Group A,82619.06,688.0,4.3,0.328,0,1
APP-1862,Group A,80356.87,669.0,5.4,0.386,0,1
APP-1863,Group A,77253.15,753.0,5.7,0.19,0,1
APP-1864,Group A,102022.28,775.0,12.0,0.304,0,1
APP-1865,Group A,52238.83,728.0,9.0,0.351,0,1
APP-1866,Group A,49188.77,703.0,10.3,0.105,0,1
APP-1867,Group A,94390.96,734.0,5.9,0.258,1,1
APP-1868,Group B,52056.66,720.0,6.5,0.22,0,1
APP-1869,Group B,91699.53,718.0,0.9,0.439,0,1
APP-1870,Group A,67286.55,732.0,7.7,0.38,0,1
APP-1871,Group A,56656.89,743.0,10.2,0.296,0,1
APP-1872,Group B,51072.59,673.0,3.2,0.257,1,1
APP-1873,Group A,91015.31,690.0,6.0,0.346,0,1
APP-1874,Group A,56210.74,766.0,6.1,0.396,0,1
APP-1875,Group A,63920.63,775.0,0.8,0.204,0,1
APP-1876,Group B,76812.45,648.0,5.0,0.138,1,1
APP-1877,Group B,35323.59,578.0,4.4,0.388,1,1
APP-1878,Group A,70579.15,713.0,7.6,0.471,0,1
APP-1879,Group A,61624.97,699.0,4.4,0.088,0,1
APP-1880,Group A,89228.21,850.0,9.4,0.212,0,1
APP-1881,Group B,48898.06,552.0,1.5,0.277,1,1
APP-1882,Group A,95969.65,734.0,4.8,0.269,0,1
APP-1883,Group A,76142.36,724.0,5.3,0.282,0,1
APP-1884,Group B,18000.0,,4.4,0.4,0,0
APP-1885,Group A,43120.73,699.0,0.0,0.146,0,1
APP-1886,Group B,33424.61,611.0,7.2,0.361,1,1
APP-1887,Group A,85169.71,701.0,7.7,0.352,0,1
APP-1888,Group A,118701.9,676.0,11.9,0.311,0,1
APP-1889,Group A,58160.12,717.0,11.5,0.238,0,1
APP-1890,Group B,18000.0,639.0,6.8,0.341,1,1
APP-1891,Group B,48010.57,659.0,3.2,0.434,0,1
APP-1892,Group B,64768.35,641.0,3.7,0.318,1,1
APP-1893,Group A,49592.41,688.0,1.3,0.18,1,1
APP-1894,Group B,52565.13,744.0,3.9,0.389,0,1
APP-1895,Group A,66255.85,629.0,4.7,0.351,0,1
APP-1896,Group A,79016.9,715.0,7.1,0.363,0,1
APP-1897,Group B,83362.77,774.0,0.0,0.382,0,1
APP-1898,Group A,94125.9,826.0,6.9,0.32,0,1
APP-1899,Group A,99091.89,719.0,8.9,0.258,0,1
APP-1900,Group A,47160.83,795.0,6.7,0.252,0,1
APP-1901,Group A,81262.24,716.0,9.4,0.232,0,1
APP-1902,Group A,59662.72,713.0,10.1,0.32,0,1
APP-1903,Group A,75650.0,750.0,7.2,0.198,0,1
APP-1904,Group A,65387.04,837.0,6.9,0.168,1,1
APP-1905,Group B,29794.96,517.0,,0.515,0,1
APP-1906,Group B,27149.22,612.0,3.4,0.353,0,0
APP-1907,Group A,61993.69,741.0,6.8,0.214,0,1
APP-1908,Group A,77991.96,715.0,8.3,0.348,0,1
APP-1909,Group A,85410.04,731.0,7.1,0.395,0,1
APP-1910,Group A,84590.15,746.0,4.9,0.227,0,1
APP-1911,Group A,66502.02,763.0,7.6,0.376,1,1
APP-1912,Group B,49762.86,,5.9,0.393,1,1
APP-1913,Group A,50556.48,731.0,6.9,0.14,0,1
APP-1914,Group A,77747.05,850.0,6.4,0.19,0,1
APP-1915,Group A,126023.49,743.0,4.4,0.392,0,1
APP-1916,Group A,59677.58,654.0,7.9,0.178,0,1
APP-1917,Group B,76635.33,575.0,0.0,0.469,0,1
APP-1918,Group B,49752.04,,,0.315,1,1
APP-1919,Group A,59250.49,640.0,10.0,0.294,1,1
APP-1920,Group B,45359.09,654.0,1.7,0.533,1,1
APP-1921,Group A,70439.44,782.0,4.3,0.158,1,1
APP-1922,Group B,36764.18,,3.2,0.309,1,1
APP-1923,Group B,70002.33,,0.0,0.483,1,1
APP-1924,Group A,54482.64,713.0,7.3,0.194,1,1
APP-1925,Group A,90200.46,690.0,4.7,0.345,0,1
APP-1926,Group A,80819.29,685.0,5.5,0.184,0,1
APP-1927,Group A,63512.35,727.0,5.8,0.076,0,1
APP-1928,Group B,44280.74,,,0.456,1,0
APP-1929,Group A,60298.54,793.0,8.2,0.21,0,1
APP-1930,Group A,47043.89,770.0,7.5,0.347,0,1
APP-1931,Group B,80466.35,620.0,3.9,0.506,1,1
APP-1932,Group B,41203.2,539.0,6.0,0.402,0,1
APP-1933,Group A,66981.7,751.0,5.4,0.226,0,1
APP-1934,Group A,58646.35,653.0,5.8,0.221,0,1
APP-1935,Group A,35506.58,673.0,8.4,0.303,0,1
APP-1936,Group A,98821.72,669.0,10.3,0.236,0,1
APP-1937,Group B,58498.45,703.0,,0.199,1,1
APP-1938,Group A,51005.49,745.0,5.8,0.343,0,1
APP-1939,Group A,87196.58,606.0,9.0,0.194,0,1
APP-1940,Group A,107375.75,731.0,3.3,0.389,0,1
APP-1941,Group A,86966.6,624.0,4.9,0.391,0,1
APP-1942,Group B,75809.4,629.0,4.2,0.436,1,1
APP-1943,Group B,65760.61,576.0,4.7,0.386,0,1
APP-1944,Group A,72419.32,667.0,4.7,0.202,0,1
APP-1945,Group A,113145.96,638.0,6.2,0.227,0,1
APP-1946,Group A,44799.18,699.0,6.4,0.323,0,1
APP-1947,Group B,63781.1,,4.4,0.263,1,1
APP-1948,Group B,55571.08,639.0,2.7,0.382,1,1
APP-1949,Group A,42809.58,675.0,1.6,0.323,0,1
APP-1950,Group B,56611.07,718.0,2.1,0.31,0,1
APP-1951,Group B,68412.97,597.0,5.1,0.329,0,1
APP-1952,Group A,53923.29,731.0,1.9,0.235,0,1
APP-1953,Group B,56694.82,638.0,,0.311,1,1
APP-1954,Group A,35022.22,712.0,8.8,0.31,1,1
APP-1955,Group A,83159.14,728.0,10.8,0.296,0,1
APP-1956,Group A,42359.7,665.0,1.6,0.258,1,1
APP-1957,Group A,62430.29,695.0,4.9,0.283,0,1
APP-1958,Group A,71195.18,635.0,11.1,0.256,0,1
APP-1959,Group B,18902.02,587.0,,0.288,0,1
APP-1960,Group A,53075.59,707.0,8.3,0.339,0,1
APP-1961,Group B,60031.63,641.0,2.7,0.414,0,1
APP-1962,Group A,56824.61,794.0,9.5,0.282,1,1
APP-1963,Group A,67000.36,658.0,3.8,0.31,1,1
APP-1964,Group A,48385.9,601.0,4.9,0.293,0,1
APP-1965,Group A,96842.06,636.0,8.4,0.26,0,1
APP-1966,Group B,18000.0,,1.0,0.32,1,1
APP-1967,Group A,75079.5,740.0,7.6,0.222,0,1
APP-1968,Group A,70894.32,766.0,5.4,0.238,0,1
APP-1969,Group A,92563.65,671.0,5.1,0.196,0,1
APP-1970,Group B,41734.35,563.0,,0.241,1,0
APP-1971,Group B,48926.56,484.0,0.4,0.318,0,1
APP-1972,Group B,53927.03,,,0.299,1,1
APP-1973,Group A,22913.06,684.0,4.9,0.204,0,1
APP-1974,Group A,90113.32,699.0,3.0,0.421,1,1
APP-1975,Group A,114984.79,767.0,6.7,0.241,0,1
APP-1976,Group A,94520.81,780.0,5.1,0.258,0,1
APP-1977,Group A,35415.88,697.0,7.0,0.407,0,1
APP-1978,Group A,80870.75,722.0,6.0,0.29,0,1
APP-1979,Group A,64356.55,729.0,8.2,0.257,0,1
APP-1980,Group A,71602.95,792.0,6.5,0.278,0,1
APP-1981,Group B,63154.4,501.0,7.0,0.464,1,1
APP-1982,Group A,27313.86,747.0,7.4,0.314,0,0
APP-1983,Group A,103144.6,650.0,2.8,0.269,0,1
APP-1984,Group B,49686.17,598.0,0.0,0.52,1,1
APP-1985,Group A,85235.58,741.0,9.2,0.285,0,1
APP-1986,Group B,43294.89,695.0,1.4,0.107,0,1
APP-1987,Group A,59263.87,671.0,12.4,0.349,1,1
APP-1988,Group A,98910.63,634.0,8.5,0.33,0,1
APP-1989,Group B,63054.03,493.0,2.3,0.282,1,1
APP-1990,Group B,36585.73,,6.8,0.361,0,1
APP-1991,Group B,48046.39,598.0,4.8,0.522,1,1
APP-1992,Group A,71791.61,835.0,3.8,0.252,0,1
APP-1993,Group A,87946.65,629.0,3.0,0.451,0,1
APP-1994,Group A,67695.18,626.0,13.1,0.318,0,1
APP-1995,Group A,107807.95,651.0,11.4,0.221,0,1
APP-1996,Group B,50855.68,,4.2,0.465,1,1
APP-1997,Group A,38211.97,554.0,7.6,0.259,0,1
APP-1998,Group B,52566.85,685.0,6.7,0.429,0,1
APP-1999,Group A,66426.5,715.0,3.3,0.279,0,1
